Stock,Date
AAA.VN,2025-07-08
ACB.VN,2025-08-06
AGG.VN,2025-07-14
ANV.VN,2025-08-07
ASM.VN,2025-08-07
BCG.VN,2025-06-17
BCM.VN,2025-07-25
BID.VN,2025-08-07
BMP.VN,2025-07-21
BVH.VN,2025-08-08
BWE.VN,2025-07-30
CII.VN,2025-07-02
CMG.VN,2025-06-16
CRE.VN,2025-08-05
CTD.VN,2025-08-12
CTG.VN,2025-08-07
CTR.VN,2025-08-13
DBC.VN,2025-08-11
DCM.VN,2025-07-22
DGC.VN,2025-08-08
DGW.VN,2025-08-11
DHC.VN,2025-07-30
DIG.VN,2025-08-11
DPM.VN,2025-08-06
DXG.VN,2025-08-08
DXS.VN,2025-08-08
EIB.VN,2025-07-11
FPT.VN,2025-06-30
FRT.VN,2025-07-23
FTS.VN,2025-07-28
GAS.VN,2025-08-08
GEG.VN,2025-08-04
GEX.VN,2025-07-03
GMD.VN,2025-08-07
GVR.VN,2025-08-11
HAG.VN,2025-08-05
HCM.VN,2025-07-07
HDB.VN,2025-08-12
HDC.VN,2025-07-07
HDG.VN,2025-08-11
HHV.VN,2025-08-07
HPG.VN,2025-08-07
HSG.VN,2025-08-07
HT1.VN,2025-08-07
IMP.VN,2025-08-04
KBC.VN,2025-06-26
KDC.VN,2025-08-11
KDH.VN,2025-08-07
KOS.VN,2025-07-16
LPB.VN,2025-08-12
MBB.VN,2025-06-16
MSB.VN,2025-08-06
MSN.VN,2025-08-11
MWG.VN,2025-08-07
NKG.VN,2025-07-03
NLG.VN,2025-08-08
NT2.VN,2025-08-04
OCB.VN,2025-08-07
PAN.VN,2025-07-02
PC1.VN,2025-07-08
PDR.VN,2025-08-08
PHR.VN,2025-06-19
PLX.VN,2025-08-08
PNJ.VN,2025-07-14
POW.VN,2025-07-04
PPC.VN,2025-08-08
PTB.VN,2025-06-24
PVD.VN,2025-08-06
PVT.VN,2025-08-08
REE.VN,2025-08-13
SAB.VN,2025-07-09
SAM.VN,2025-07-01
SBT.VN,2025-06-30
SCS.VN,2025-07-24
SHB.VN,2025-07-07
SJS.VN,2025-07-07
SSB.VN,2025-06-20
SSI.VN,2025-08-11
STB.VN,2025-08-05
SZC.VN,2025-08-13
TCB.VN,2025-08-06
TCH.VN,2025-07-04
TMS.VN,2025-07-30
TPB.VN,2025-07-01
VCB.VN,2025-08-13
VCG.VN,2025-07-23
VCI.VN,2025-06-30
VGC.VN,2025-07-10
VHC.VN,2025-08-06
VHM.VN,2025-07-08
VIB.VN,2025-06-25
VIC.VN,2025-07-10
VIX.VN,2025-07-02
VJC.VN,2025-07-01
VND.VN,2025-06-24
VNM.VN,2025-06-16
VPB.VN,2025-07-07
VPI.VN,2025-07-23
VRE.VN,2025-08-07
VSH.VN,2025-06-27
